timestamp,count,uniques
2025-09-24T00:00:00Z,9,6
2025-09-25T00:00:00Z,2,1
2025-09-26T00:00:00Z,6,4
2025-09-27T00:00:00Z,1,1
2025-09-29T00:00:00Z,6,6
2025-09-30T00:00:00Z,4,3
2025-10-01T00:00:00Z,13,10
2025-10-02T00:00:00Z,1,1
2025-10-03T00:00:00Z,7,3
2025-10-04T00:00:00Z,2,1
2025-10-05T00:00:00Z,2,2
2025-10-06T00:00:00Z,4,4
2025-10-07T00:00:00Z,24,13
2025-10-08T00:00:00Z,26,15
2025-10-09T00:00:00Z,47,30
2025-10-10T00:00:00Z,2,2
2025-10-11T00:00:00Z,1,1
2025-10-12T00:00:00Z,2,2
2025-10-13T00:00:00Z,3,3
2025-10-14T00:00:00Z,3,2
2025-10-15T00:00:00Z,11,8
2025-10-16T00:00:00Z,34,21
2025-10-17T00:00:00Z,41,16
2025-10-18T00:00:00Z,8,5
2025-10-19T00:00:00Z,37,17
2025-10-20T00:00:00Z,23,12
2025-10-21T00:00:00Z,11,8
2025-10-22T00:00:00Z,2,2
2025-10-23T00:00:00Z,8,5
2025-10-24T00:00:00Z,16,8
2025-10-25T00:00:00Z,5,2
2025-10-26T00:00:00Z,14,10
2025-10-27T00:00:00Z,15,6
2025-10-28T00:00:00Z,4,3
2025-10-30T00:00:00Z,7,3
2025-10-31T00:00:00Z,5,2
2025-11-01T00:00:00Z,5,5
2025-11-02T00:00:00Z,1,1
2025-11-03T00:00:00Z,14,7
2025-11-04T00:00:00Z,9,7
2025-11-05T00:00:00Z,12,3
2025-11-06T00:00:00Z,13,5
2025-11-07T00:00:00Z,4,2
2025-11-08T00:00:00Z,6,2
2025-11-09T00:00:00Z,4,1
2025-11-10T00:00:00Z,3,3
2025-11-11T00:00:00Z,4,3
2025-11-12T00:00:00Z,8,5
2025-11-13T00:00:00Z,1,1
2025-11-14T00:00:00Z,4,3
2025-11-15T00:00:00Z,4,4
2025-11-16T00:00:00Z,1,1
2025-11-17T00:00:00Z,2,1
2025-11-18T00:00:00Z,1,1
2025-11-20T00:00:00Z,1,1
2025-11-23T00:00:00Z,5,5
2025-11-24T00:00:00Z,2,2
2025-11-25T00:00:00Z,1,1
2025-11-26T00:00:00Z,1,1
2025-11-30T00:00:00Z,5,5
2025-12-01T00:00:00Z,16,12
2025-12-02T00:00:00Z,2,1
2025-12-03T00:00:00Z,10,5
2025-12-06T00:00:00Z,2,2
2025-12-07T00:00:00Z,4,4
2025-12-08T00:00:00Z,4,3
2025-12-09T00:00:00Z,1,1
2025-12-13T00:00:00Z,1,1
2025-12-14T00:00:00Z,7,6
2025-12-15T00:00:00Z,4,4
2025-12-17T00:00:00Z,20,13
2025-12-18T00:00:00Z,2,1
2025-12-19T00:00:00Z,4,4
2025-12-20T00:00:00Z,2,2
2025-12-21T00:00:00Z,11,9
2025-12-22T00:00:00Z,33,24
2025-12-23T00:00:00Z,1,1
2025-12-24T00:00:00Z,1,1
2025-12-25T00:00:00Z,2,2
2025-12-26T00:00:00Z,0,0
2025-12-27T00:00:00Z,0,0
2025-12-28T00:00:00Z,10,8
2025-12-29T00:00:00Z,5,3
2025-12-30T00:00:00Z,1,1
2025-12-31T00:00:00Z,2,2
2026-01-01T00:00:00Z,10,9
2026-01-02T00:00:00Z,0,0
2026-01-03T00:00:00Z,1,1
2026-01-04T00:00:00Z,11,9
2026-01-05T00:00:00Z,1,1
2026-01-06T00:00:00Z,1,1
2026-01-07T00:00:00Z,12,7
2026-01-08T00:00:00Z,0,0
2026-01-09T00:00:00Z,1,1
2026-01-10T00:00:00Z,10,2
2026-01-11T00:00:00Z,10,7
2026-01-12T00:00:00Z,1,1
2026-01-13T00:00:00Z,1,1
2026-01-14T00:00:00Z,2,2
2026-01-15T00:00:00Z,14,11
2026-01-16T00:00:00Z,0,0
2026-01-17T00:00:00Z,4,4
2026-01-18T00:00:00Z,15,10
2026-01-19T00:00:00Z,1,1
2026-01-20T00:00:00Z,1,1
2026-01-21T00:00:00Z,1,1
2026-01-22T00:00:00Z,1,1
2026-01-23T00:00:00Z,0,0
2026-01-24T00:00:00Z,0,0
2026-01-25T00:00:00Z,12,8
2026-01-26T00:00:00Z,4,4
2026-01-27T00:00:00Z,2,2
2026-01-28T00:00:00Z,1,1
2026-01-29T00:00:00Z,2,2
2026-01-30T00:00:00Z,1,1
2026-01-31T00:00:00Z,3,3
2026-02-01T00:00:00Z,35,14
2026-02-02T00:00:00Z,2,2
2026-02-03T00:00:00Z,1,1
2026-02-04T00:00:00Z,1,1
2026-02-05T00:00:00Z,2,2
2026-02-06T00:00:00Z,3,3
2026-02-07T00:00:00Z,2,2
2026-02-08T00:00:00Z,19,8
2026-02-09T00:00:00Z,4,4
2026-02-10T00:00:00Z,0,0
2026-02-11T00:00:00Z,0,0
2026-02-12T00:00:00Z,0,0
2026-02-13T00:00:00Z,2,2
